{"sensNr":1,"instNr":13,"bRet":20,"data":[48.756080,2.302038]}